{
  "positions": {
    "ballSquare": {
      "Art1": 1650,
      "Art2": 1750,
      "Art3": 500,
      "Art4": 950,
      "Art5": 500,
      "Claw": null
    },
    "ballTransport": {
      "Art1": 1650,
      "Art2": 1750,
      "Art3": 1500,
      "Art4": 950,
      "Art5": 500,
      "Claw": null
    },
    "ballPlace": {
      "Art1": 500,
      "Art2": 1750,
      "Art3": 600,
      "Art4": 950,
      "Art5": 500,
      "Claw": null
    },
    "prepKick": {
      "Art1": 500,
      "Art2": 1750,
      "Art3": 700,
      "Art4": 500,
      "Art5": 500,
      "Claw": null
    },
    "squat": {
      "Art1": null,
      "Art2": 2000,
      "Art3": 2500,
      "Art4": 1000,
      "Art5": null,
      "Claw": null
    },
    "sq1": {
      "Art1": 1600,
      "Art2": 2100,
      "Art3": 900,
      "Art4": 1300,
      "Art5": 1500,
      "Claw": null
    },
    "sq2": {
      "Art1": 1450,
      "Art2": 2100,
      "Art3": 900,
      "Art4": 1300,
      "Art5": 1500,
      "Claw": null
    },
    "sq3": {
      "Art1": 1300,
      "Art2": 2100,
      "Art3": 900,
      "Art4": 1300,
      "Art5": 1500,
      "Claw": null
    },
    "sq4": {
      "Art1": 1200,
      "Art2": 2100,
      "Art3": 900,
      "Art4": 1300,
      "Art5": 1500,
      "Claw": null
    },
    "sq5": {
      "Art1": 1659,
      "Art2": 1950,
      "Art3": 850,
      "Art4": 1000,
      "Art5": 1500,
      "Claw": null
    },
    "sq6": {
      "Art1": 1450,
      "Art2": 1950,
      "Art3": 850,
      "Art4": 1000,
      "Art5": 1500,
      "Claw": null
    },
    "sq7": {
      "Art1": 1300,
      "Art2": 1950,
      "Art3": 850,
      "Art4": 1000,
      "Art5": 1500,
      "Claw": null
    },
    "sq8": {
      "Art1": 1100,
      "Art2": 1950,
      "Art3": 850,
      "Art4": 1000,
      "Art5": 1500,
      "Claw": null
    },
    "sq9": {
      "Art1": 1750,
      "Art2": 1950,
      "Art3": 1000,
      "Art4": 675,
      "Art5": 1500,
      "Claw": null
    },
    "sq10": {
      "Art1": 1500,
      "Art2": 1950,
      "Art3": 1000,
      "Art4": 600,
      "Art5": 1500,
      "Claw": null
    },
    "sq11": {
      "Art1": 1300,
      "Art2": 1950,
      "Art3": 1000,
      "Art4": 600,
      "Art5": 1500,
      "Claw": null
    },
    "sq12": {
      "Art1": 1050,
      "Art2": 1950,
      "Art3": 1000,
      "Art4": 600,
      "Art5": 1500,
      "Claw": null
    }
  }
}